Creation,MergeTime,id,isPr,N. of Comments,Closed,N. Labels,author, labelStatus, lastUpdateTime, milestoneTitle
1491850171,1491894634,18301,1,10,1,5,gartung,NNNNNNANNNNNNNNAN,1491894634,Next CMSSW_9_1_X
1491863691,NA,18302,1,12,0,6,nickmccoll,NNNNNNNNNNNNNNPAN,1491926804,Next CMSSW_9_1_X
1491895168,1491895179,18303,1,1,1,0,ahinzmann,NNNNNNNNNNNNNNNNN,1491895180,-
1491895187,1491904150,18304,1,3,1,6,ahinzmann,NPNNNNNNNNNNNPNPN,1491904150,Next CMSSW_9_0_X
1491895196,1491895212,18305,1,1,1,0,ahinzmann,NNNNNNNNNNNNNNNNN,1491895213,-
1491895209,1491904165,18306,1,2,1,6,ahinzmann,NPNNNNNNNNNNNPNPN,1491904165,Next CMSSW_9_0_X
1491895361,NA,18307,1,6,0,6,ahinzmann,NPNNNNNNNNNNNPNPN,1491976654,Next CMSSW_9_1_X
1491895437,NA,18308,1,10,0,6,ahinzmann,NPNNNNNNNNNNNPNAN,1491976524,Next CMSSW_9_1_X
1491899014,NA,18309,1,13,0,6,lowette,NNNNNNNNNNNNNPNPN,1491942096,Next CMSSW_9_1_X
1491899696,1491899708,18310,1,1,1,0,EsmaeelEskandari,NNNNNNNNNNNNNNNNN,1491899709,-
1491905578,1491933054,18311,1,13,1,5,kirschen,NNNNNNNNNNNNNNNAN,1491933054,Next CMSSW_9_1_X
1491907900,NA,18312,1,17,0,5,silviodonato,NNNNNNNNNNNNNNNSN,1491977298,Next CMSSW_9_1_X
1491908236,NA,18313,1,6,0,5,arunhep,PNNNNNNNNNNNNNNAN,1491919479,Next CMSSW_8_0_X
1491910795,NA,18314,1,6,0,5,makortel,NNNNNPNNNNNNNNNAN,1491919312,Next CMSSW_9_1_X
1491917314,NA,18315,1,9,0,6,mverzett,NPNNNNNNNNNNNPNRN,1491925179,Next CMSSW_9_1_X
1491919215,NA,18316,1,6,0,5,gpetruc,NNNNNNNNNNNNNPNAN,1491928539,Next CMSSW_9_1_X
1491927805,NA,18317,1,6,0,6,ferencek,NPNNNNNNNNNNNPNAN,1491933659,Next CMSSW_9_1_X
1491935575,NA,18318,1,4,0,6,ferencek,NNNNNNNNNNNNNPNSN,1491976704,Next CMSSW_9_1_X
1491937195,1491979376,18319,1,9,1,5,Dr15Jones,NNNNNNANNNNNNNNAN,1491979376,Next CMSSW_9_1_X
1491945511,1491945527,18320,1,1,1,0,drkovalskyi,NNNNNNNNNNNNNNNNN,1491945527,-
1491945655,NA,18321,1,6,0,5,drkovalskyi,NNNNNNNNNNNNNPNAN,1491956958,Next CMSSW_9_1_X
1491967358,NA,18322,1,2,0,5,sabasehrish,NNNPNNNNNNNNNNNPN,1491967433,Next CMSSW_9_1_X
1491979075,NA,18323,1,3,0,5,ianna,NNPNNNNNNNNNNNNSN,1491979119,Next CMSSW_9_1_X
1491979862,NA,18324,1,1,0,5,ahinzmann,NNNNNNNNNNNNNPNPN,1491979882,Next CMSSW_9_1_X
1491980064,NA,18325,0,8,0,5,davidlange6,NNNNNNNNNNNNNNNNN,1491980309,-
1491980375,NA,18326,0,2,0,1,ianna,NNNNNNNNNNNNNNNNN,1491980473,-
